Italian,English
Abs,Abs
ANDV,ANDV
AntiCollision,AntiCollision
Curva,Arc
ArcoCos,ArcCos
ArcoSeno,ArcSin
Arctan,ArcTan
AUTOAPP,AUTOAPP
Assi,Axes
AZZERAMENTO,AZZERAMENTO
B,B
C.Assol,C.Absol
C.Relat,C.Relat
C.RelaV,C.RelaV
C.RelaP,C.RelaW
C.RelaPV,C.RelaWV
Acc.Cart,Cart.Acc
Vel.Cart,Cart.Spd
QuotaCart,CartPos
CartToAng,CartToAng
CartToSteps,CartToSteps
CfgDBSrv,CfgDBSrv
Inseguimento,ChaseError
ChDir,ChDir
ChrInStr,ChrInStr
ChrToStr,ChrToStr
ClearSerial,ClearSerial
CloseSerial,CloseSerial
ChiudiSocket,CloseSocket
Complemento,Complement
CONDGVP,CONDGVP
CONDLVP,CONDLVP
CONDMUVP,CONDMUVP
CONDNUVP,CONDNUVP
CONDUVP,CONDUVP
ConfigMov,ConfigMov
ConfigSPV,ConfigSPV
Configur,Configur
ConvAD56,ConvAD56
ConvDA,ConvDA
CopiaFile,CopyFile
Coseno,Cos
DBToTxt,DBToTxt
DBToVarStr,DBToVarStr
Def.Home,Def.Home
Def.Pal,Def.Pal
Def.Proc,Def.Proc
Pausa,Delay
DeltaCart,DeltaCart
DeltaTool,DeltaTool
Dis.Mov,Dis.Mov
DIVISOV,DIVISOV
EDITOR,EDITOR
Emergenza,Emergency
Abi.Mov,Ena.Mov
End,End
FineProc,EndProc
EliminaFile,EraseFile
EliminaTblDB,EraseTblDB
Errore,Error
RmRigaTblDB,ErsRowTblDB
Esegui,Execute
EsisteTblDB,ExistTblDB
EsportaVar,ExportVar
ExtFnct,ExtFnct
EsisteFile,FileExist
NomeFileToStr,FileNameToStr
Filtro,Filter
FlagIndex,FlagIndex
Raccordo,FlyBy
LRacc,FlyByLength
MotoLibero,FreeMove
GetData,GetData
GetSVData,GetSVData
Salta,GoTo
VaiAPosCart,GoToPosCart
VaiAPosJoint,GoToPosJoint
GrabImg,GrabImg
DatiPresa,GripData
Home,Home
IdMaxMinDB,IdMaxMinDB
ImportaVar,ImportVar
Impulso,Impulse
StatoImpulso,ImpulseState
InitSeriale,InitSerial
Int,Int
J.Assol,J.Absol
J.AssoV,J.AssoV
J.Relat,J.Relat
J.RelaV,J.RelaV
Acc.Joint,JointAcc
Vel.Joint,JointSpd
JointToAng,JointToAng
JointToCart,JointToCart
Etichetta,Label
LoadDataDB,LoadDataDB
CaricaTblDB,LoadTblDB
BlocAss,LockAxes
BloccaRuote,LockWheels
CreaTblDB,MakeTblDB
MemoToVar,MemoToVar
MemStr,MemStr
MENOV,MENOV
MODV,MODV
Msg,Msg
MsgClear,MsgClear
NewPal,NewPal
NOEDITORH,NOEDITORH
NOOP,NOOP
NOTV,NOTV
OffsetCart,OffsetCart
OffsetCJ,OffsetCJ
OffsetJoint,OffsetJoint
OffsetTool,OffsetTool
SbloccoPorta,OpenDoor
ApriSocket,OpenSocket
ORV,ORV
PalletG,PalletDW
PinzaPallet,PalletGripper
PezziPallet,PalletItem
PalletS,PalletUP
ValoriPallet,PalletVal
ErrorePos,PosError
Quota,Position
Procedura,Procedure
PRODV,PRODV
Rand,Rand
Rapido,Rapid
Acc.RB,RBAcc
Vel.RB,RBSpd
LeggiCal,ReadCal
LeggiCorr,ReadCorr
LeggiDati,ReadData
LeggiDir,ReadDir
LeggiTasti,ReadKey
LeggiPos,ReadPos
LeggiSeriale,ReadSerial
LeggiTempo,ReadTime
LeggiVarCAN,ReadVarCAN
LeggiWord,ReadWord
QuotaRe,RealPos
RitDaSottoPr,RecalMainPrg
RinominaFile,RenameFile
Reset,Reset
ResetAD56,ResetAD56
ResetRobot,ResetRobot
ResetVar,ResetVar
RiceviMsgSck,RiceiveMsgSck
Round,Round
RigheDB,RowDB
SalvaTblDB,SaveTblDB
Rp.As,SeekPos.Ax
CercaTblDB,SeekTblDB
InviaMsgSck,SendMsgSck
SETCOST,SETCOST
ImpostaCorr,SetCurr
SetOverride,SetOverride
SetMemorizza,SetStore
SetSVData,SetSVData
SettaTCP,SetTCP
Seno,Sin
Elasticita,Softness
SOMMAV,SOMMAV
OrdinaTblDB,SortTblDB
Sprint,Sprint
Sqrt,Sqrt
StartPallet,StartPallet
StepCatena,StepChain
Stop,Stop
FermaSuIng,StopWithIng
FermaSuSpi,StopWithPush
Memorizza,StorePos
StrCat,StrCat
StrCmp,StrCmp
StrCpy,StrCpy
StrLen,StrLen
StrLwr,StrLwr
StrMem,StrMem
StrRev,StrRev
StrSet,StrSet
StrStr,StrStr
StrTok,StrTok
StrUpr,StrUpr
StrVal,StrVal
StrXOR,StrXOR
SottoProg,SubProg
SubStr,SubStr
SysOut,SysOut
Tangente,Tan
TaskOnOff,TaskOnOff
TCP,TCP
TestAsse,TestAxis
SceltaVar,TestVar
TimeOut,TimeOut
TimerMov,TimerMov
SblcAss,UnLockAx
VAL,VAL
VarStrToDB,VarStrToDB
VarToMemo,VarToMemo
StatoVisione,VisionState
ModelloVis,VisModel
Attesa,WaitUntil
ScriviSerial,WriteSerial
ScriviVarCAN,WriteVarCAN
ScriviWord,WriteWord
ZeroCart,ZeroCart
ZeroPos,ZeroPos
